Model,Precision,Recall,F1 Score,Time(ms)
Logistic Regression, 0.58775, 0.6140389082462253, 0.6001344086021505, 16.117095947265625
Random Forest, 0.812253193960511, 0.8164198606271776, 0.8107380424453595, 196.1045265197754
Neural Network(1L 8N), 0.7920948616600791, 0.603150406504065, 0.6127528867258326, 14143.82028579712
Neural Network(2L 64N-32N), 0.6078888888888889, 0.6080865272938444, 0.5955724850184878, 13833.34231376648
Neural Network(Optuna), 0.6263612217795484, 0.5783246225319396, 0.5976895857906057, 918363.4476661682